chainName,fig1,fig2,corr,p_values
cosmos,cap,high24h,0.9778019879942311,0.0
cosmos,cap,low24h,0.9758887309039397,0.0
cosmos,cap,price,0.9997507681088086,0.0
cosmos,cap,priceChangePercentage14d,0.5465286308481527,2.9852550120874346e-191
cosmos,cap,priceChangePercentage30D,0.7340368489760509,0.0
cosmos,cap,blockTime,0.5085688759730183,1.2282604111857634e-161
cosmos,cap,bondedTokens,-0.5553524405977595,1.0755765603889951e-198
cosmos,cap,inflation,-0.6891489328517464,0.0
cosmos,cap,capBTC,0.8519995502845156,0.0
cosmos,cap,priceBTC,0.8520544481667729,0.0
cosmos,cap,totalVolumeBTC,0.5530518407304933,9.859383573920734e-197
cosmos,capChange24h,capChangeRatio24H,0.9957250934206548,0.0
cosmos,capChange24h,change24h,0.9945192638515652,0.0
cosmos,capChange24h,changeRatio24H,0.9905495052677804,0.0
cosmos,capChange24h,priceChangePercentage24H,0.9905495078873117,0.0
cosmos,capChangeRatio24H,capChange24h,0.9957250934206548,0.0
cosmos,capChangeRatio24H,change24h,0.9902368992732491,0.0
cosmos,capChangeRatio24H,changeRatio24H,0.9947355743668239,0.0
cosmos,capChangeRatio24H,priceChangePercentage24H,0.994735574688967,0.0
cosmos,change24h,capChange24h,0.9945192638515652,0.0
cosmos,change24h,capChangeRatio24H,0.9902368992732491,0.0
cosmos,change24h,changeRatio24H,0.995740291888037,0.0
cosmos,change24h,priceChangePercentage24H,0.995740293791441,0.0
cosmos,changeRatio24H,capChange24h,0.9905495052677804,0.0
cosmos,changeRatio24H,capChangeRatio24H,0.9947355743668239,0.0
cosmos,changeRatio24H,change24h,0.995740291888037,0.0
cosmos,changeRatio24H,priceChangePercentage24H,0.9999999999996303,0.0
cosmos,high24h,cap,0.9778019879942311,0.0
cosmos,high24h,low24h,0.9737695840585854,0.0
cosmos,high24h,price,0.9774379531332039,0.0
cosmos,high24h,priceChangePercentage14d,0.516584900534733,1.3970167150934965e-167
cosmos,high24h,priceChangePercentage30D,0.7072775343361173,0.0
cosmos,high24h,totalVolume,0.5229760916326252,1.952790275509915e-172
cosmos,high24h,bondedTokens,-0.5827899540844428,2.505881945361934e-223
cosmos,high24h,communityTokens,-0.5024062108446636,3.5670289772380395e-157
cosmos,high24h,inflation,-0.6923868631475245,0.0
cosmos,high24h,capBTC,0.8564497076864148,0.0
cosmos,high24h,priceBTC,0.8564842216097118,0.0
cosmos,high24h,totalVolumeBTC,0.6019689166762385,5.414822100054315e-242
cosmos,low24h,cap,0.9758887309039397,0.0
cosmos,low24h,high24h,0.9737695840585854,0.0
cosmos,low24h,price,0.9757084822688452,0.0
cosmos,low24h,priceChangePercentage30D,0.7168545195220203,0.0
cosmos,low24h,bondedTokens,-0.5373978445165736,8.848288111760566e-184
cosmos,low24h,inflation,-0.6882309653312335,0.0
cosmos,low24h,capBTC,0.8392524579836652,0.0
cosmos,low24h,priceBTC,0.8393438502379598,0.0
cosmos,price,cap,0.9997507681088086,0.0
cosmos,price,high24h,0.9774379531332039,0.0
cosmos,price,low24h,0.9757084822688452,0.0
cosmos,price,priceChangePercentage14d,0.5472814072506588,7.05710252827852e-192
cosmos,price,priceChangePercentage30D,0.7340926027779702,0.0
cosmos,price,blockTime,0.5088628651354262,7.483157609265681e-162
cosmos,price,bondedTokens,-0.5546834760502933,4.015987556138475e-198
cosmos,price,inflation,-0.6886723175825805,0.0
cosmos,price,capBTC,0.8516412033819033,0.0
cosmos,price,priceBTC,0.8518275809596308,0.0
cosmos,price,totalVolumeBTC,0.5522356432511307,4.856417019688342e-196
cosmos,priceChangePercentage14d,cap,0.5465286308481527,2.9852550120874346e-191
cosmos,priceChangePercentage14d,high24h,0.516584900534733,1.3970167150934965e-167
cosmos,priceChangePercentage14d,price,0.5472814072506588,7.05710252827852e-192
cosmos,priceChangePercentage14d,priceChangePercentage30D,0.682779759967455,0.0
cosmos,priceChangePercentage14d,priceChangePercentage7d,0.5982460115338099,2.857217843080962e-238
cosmos,priceChangePercentage1H,priceChangePercentage1HBTC,0.695309581401814,0.0
cosmos,priceChangePercentage24H,capChange24h,0.9905495078873117,0.0
cosmos,priceChangePercentage24H,capChangeRatio24H,0.994735574688967,0.0
cosmos,priceChangePercentage24H,change24h,0.995740293791441,0.0
cosmos,priceChangePercentage24H,changeRatio24H,0.9999999999996303,0.0
cosmos,priceChangePercentage30D,cap,0.7340368489760509,0.0
cosmos,priceChangePercentage30D,high24h,0.7072775343361173,0.0
cosmos,priceChangePercentage30D,low24h,0.7168545195220203,0.0
cosmos,priceChangePercentage30D,price,0.7340926027779702,0.0
cosmos,priceChangePercentage30D,priceChangePercentage14d,0.682779759967455,0.0
cosmos,priceChangePercentage30D,blockTime,0.68546373741453,0.0
cosmos,priceChangePercentage30D,inflation,-0.6449313018935098,9.134039492133e-289
cosmos,priceChangePercentage30D,capBTC,0.5890086842459795,3.0458148193850654e-229
cosmos,priceChangePercentage30D,priceBTC,0.5890319798970904,2.892693265498994e-229
cosmos,priceChangePercentage7d,priceChangePercentage14d,0.5982460115338099,2.857217843080962e-238
cosmos,totalVolume,high24h,0.5229760916326252,1.952790275509915e-172
cosmos,totalVolume,totalVolumeBTC,0.9584890839833838,0.0
cosmos,apr,bondedTokens,-0.6518344767517725,5.356164373051485e-297
cosmos,apr,communityTokens,-0.5587233715711651,1.3447726319792942e-201
cosmos,blockTime,cap,0.5085688759730183,1.2282604111857634e-161
cosmos,blockTime,price,0.5088628651354262,7.483157609265681e-162
cosmos,blockTime,priceChangePercentage30D,0.68546373741453,0.0
cosmos,blockTime,inflation,-0.5555835489530959,6.818306557703e-199
cosmos,bondedTokens,cap,-0.5553524405977595,1.0755765603889951e-198
cosmos,bondedTokens,high24h,-0.5827899540844428,2.505881945361934e-223
cosmos,bondedTokens,low24h,-0.5373978445165736,8.848288111760566e-184
cosmos,bondedTokens,price,-0.5546834760502933,4.015987556138475e-198
cosmos,bondedTokens,apr,-0.6518344767517725,5.356164373051485e-297
cosmos,bondedTokens,communityTokens,0.8964684683671605,0.0
cosmos,bondedTokens,inflation,0.5444330072281516,1.6228900590124398e-189
cosmos,bondedTokens,capBTC,-0.7837066179682768,0.0
cosmos,bondedTokens,priceBTC,-0.7836014604071573,0.0
cosmos,communityTokens,high24h,-0.5024062108446636,3.5670289772380395e-157
cosmos,communityTokens,apr,-0.5587233715711651,1.3447726319792942e-201
cosmos,communityTokens,bondedTokens,0.8964684683671605,0.0
cosmos,communityTokens,inflation,0.5136670233673201,2.12472527996498e-165
cosmos,communityTokens,capBTC,-0.7016375116673907,0.0
cosmos,communityTokens,priceBTC,-0.7016325485260247,0.0
cosmos,inflation,cap,-0.6891489328517464,0.0
cosmos,inflation,high24h,-0.6923868631475245,0.0
cosmos,inflation,low24h,-0.6882309653312335,0.0
cosmos,inflation,price,-0.6886723175825805,0.0
cosmos,inflation,priceChangePercentage30D,-0.6449313018935098,9.134039492133e-289
cosmos,inflation,blockTime,-0.5555835489530959,6.818306557703e-199
cosmos,inflation,bondedTokens,0.5444330072281516,1.6228900590124398e-189
cosmos,inflation,communityTokens,0.5136670233673201,2.12472527996498e-165
cosmos,inflation,capBTC,-0.7729017292842144,0.0
cosmos,inflation,priceBTC,-0.7729184402413877,0.0
cosmos,capBTC,cap,0.8519995502845156,0.0
cosmos,capBTC,high24h,0.8564497076864148,0.0
cosmos,capBTC,low24h,0.8392524579836652,0.0
cosmos,capBTC,price,0.8516412033819033,0.0
cosmos,capBTC,priceChangePercentage30D,0.5890086842459795,3.0458148193850654e-229
cosmos,capBTC,bondedTokens,-0.7837066179682768,0.0
cosmos,capBTC,communityTokens,-0.7016375116673907,0.0
cosmos,capBTC,inflation,-0.7729017292842144,0.0
cosmos,capBTC,priceBTC,0.9999610351450096,0.0
cosmos,capBTC,totalVolumeBTC,0.5655442299469988,1.4173851203126746e-207
cosmos,priceBTC,cap,0.8520544481667729,0.0
cosmos,priceBTC,high24h,0.8564842216097118,0.0
cosmos,priceBTC,low24h,0.8393438502379598,0.0
cosmos,priceBTC,price,0.8518275809596308,0.0
cosmos,priceBTC,priceChangePercentage30D,0.5890319798970904,2.892693265498994e-229
cosmos,priceBTC,bondedTokens,-0.7836014604071573,0.0
cosmos,priceBTC,communityTokens,-0.7016325485260247,0.0
cosmos,priceBTC,inflation,-0.7729184402413877,0.0
cosmos,priceBTC,capBTC,0.9999610351450096,0.0
cosmos,priceBTC,totalVolumeBTC,0.5654380395248585,1.76041863968856e-207
cosmos,priceChangePercentage1HBTC,priceChangePercentage1H,0.695309581401814,0.0
cosmos,totalVolumeBTC,cap,0.5530518407304933,9.859383573920734e-197
cosmos,totalVolumeBTC,high24h,0.6019689166762385,5.414822100054315e-242
cosmos,totalVolumeBTC,price,0.5522356432511307,4.856417019688342e-196
cosmos,totalVolumeBTC,totalVolume,0.9584890839833838,0.0
cosmos,totalVolumeBTC,capBTC,0.5655442299469988,1.4173851203126746e-207
cosmos,totalVolumeBTC,priceBTC,0.5654380395248585,1.76041863968856e-207
juno,cap,high24h,0.9936334650972208,0.0
juno,cap,low24h,0.9938782059984207,0.0
juno,cap,price,0.9988464269466739,0.0
juno,cap,priceChangePercentage14d,0.6559465938692058,1.54494663599736e-300
juno,cap,priceChangePercentage30D,0.8308146257009567,0.0
juno,cap,priceChangePercentage7d,0.5005458234435416,4.308263296957428e-155
juno,cap,supplyCirculating,-0.9085004653937174,0.0
juno,cap,totalVolume,0.6990757374557901,0.0
juno,cap,apr,0.8846907869435139,0.0
juno,cap,bondedTokens,-0.8806552412930027,0.0
juno,cap,communityTokens,0.651145199503779,9.976329736511357e-295
juno,cap,inflation,0.9441609412691915,0.0
juno,cap,capBTC,0.9588294011978545,0.0
juno,cap,priceBTC,0.9584576290528802,0.0
juno,cap,totalVolumeBTC,0.730198240376548,0.0
juno,capChange24h,capChangeRatio24H,0.9784294870148151,0.0
juno,capChange24h,change24h,0.9858774402197277,0.0
juno,capChange24h,changeRatio24H,0.9662277907347904,0.0
juno,capChange24h,priceChangePercentage24H,0.9662277936012297,0.0
juno,capChangeRatio24H,capChange24h,0.9784294870148151,0.0
juno,capChangeRatio24H,change24h,0.9598967935254947,0.0
juno,capChangeRatio24H,changeRatio24H,0.9877983352761066,0.0
juno,capChangeRatio24H,priceChangePercentage24H,0.9877983408581302,0.0
juno,change24h,capChange24h,0.9858774402197277,0.0
juno,change24h,capChangeRatio24H,0.9598967935254947,0.0
juno,change24h,changeRatio24H,0.9731649749388157,0.0
juno,change24h,priceChangePercentage24H,0.973164971834443,0.0
juno,changeRatio24H,capChange24h,0.9662277907347904,0.0
juno,changeRatio24H,capChangeRatio24H,0.9877983352761066,0.0
juno,changeRatio24H,change24h,0.9731649749388157,0.0
juno,changeRatio24H,priceChangePercentage24H,0.9999999999996574,0.0
juno,high24h,cap,0.9936334650972208,0.0
juno,high24h,low24h,0.9947705541602048,0.0
juno,high24h,price,0.9955757329155788,0.0
juno,high24h,priceChangePercentage14d,0.6290840482180917,2.437386316228396e-269
juno,high24h,priceChangePercentage30D,0.8127651780477512,0.0
juno,high24h,supplyCirculating,-0.9279281659909708,0.0
juno,high24h,totalVolume,0.7109432488570191,0.0
juno,high24h,apr,0.903352977387044,0.0
juno,high24h,bondedTokens,-0.8990796857176413,0.0
juno,high24h,communityTokens,0.6795004293872974,0.0
juno,high24h,inflation,0.9606249042964191,0.0
juno,high24h,capBTC,0.9687359791107145,0.0
juno,high24h,priceBTC,0.9693233379957951,0.0
juno,high24h,totalVolumeBTC,0.7488050203868006,0.0
juno,low24h,cap,0.9938782059984207,0.0
juno,low24h,high24h,0.9947705541602048,0.0
juno,low24h,price,0.9946464808547707,0.0
juno,low24h,priceChangePercentage14d,0.6328821262341578,1.455620661072666e-273
juno,low24h,priceChangePercentage30D,0.8101549436201961,0.0
juno,low24h,supplyCirculating,-0.9183213371923868,0.0
juno,low24h,totalVolume,0.672365558423512,3.083e-321
juno,low24h,apr,0.8949520616618877,0.0
juno,low24h,bondedTokens,-0.8907694648014547,0.0
juno,low24h,communityTokens,0.6659050526911928,6.1918912513e-313
juno,low24h,inflation,0.9537602298828316,0.0
juno,low24h,capBTC,0.9655979270819044,0.0
juno,low24h,priceBTC,0.9656354341989651,0.0
juno,low24h,totalVolumeBTC,0.713002972499968,0.0
juno,price,cap,0.9988464269466739,0.0
juno,price,high24h,0.9955757329155788,0.0
juno,price,low24h,0.9946464808547707,0.0
juno,price,priceChangePercentage14d,0.6439281185862324,3.433585561107928e-286
juno,price,priceChangePercentage30D,0.8204320040104264,0.0
juno,price,supplyCirculating,-0.9231625066756344,0.0
juno,price,totalVolume,0.7054246271960148,0.0
juno,price,apr,0.8983122951679491,0.0
juno,price,bondedTokens,-0.8940461265658688,0.0
juno,price,communityTokens,0.672915589890956,5.93e-322
juno,price,inflation,0.9561922363316593,0.0
juno,price,capBTC,0.9669456652049775,0.0
juno,price,priceBTC,0.9673593354521972,0.0
juno,price,totalVolumeBTC,0.7400283293090105,0.0
juno,priceChangePercentage14d,cap,0.6559465938692058,1.54494663599736e-300
juno,priceChangePercentage14d,high24h,0.6290840482180917,2.437386316228396e-269
juno,priceChangePercentage14d,low24h,0.6328821262341578,1.455620661072666e-273
juno,priceChangePercentage14d,price,0.6439281185862324,3.433585561107928e-286
juno,priceChangePercentage14d,priceChangePercentage1Y,0.5472341232902477,6.55391495320866e-191
juno,priceChangePercentage14d,priceChangePercentage30D,0.7587300522355174,0.0
juno,priceChangePercentage14d,priceChangePercentage7d,0.6808289424942323,0.0
juno,priceChangePercentage14d,totalVolume,0.503125756137041,6.273806028624088e-157
juno,priceChangePercentage14d,inflation,0.5044394563112163,7.180763506974592e-158
juno,priceChangePercentage14d,capBTC,0.5078758649906154,2.36687160226123e-160
juno,priceChangePercentage14d,priceBTC,0.5103864920798717,3.489719130842375e-162
juno,priceChangePercentage1H,priceChangePercentage1HBTC,0.7187161311017015,0.0
juno,priceChangePercentage1Y,priceChangePercentage14d,0.5472341232902477,6.55391495320866e-191
juno,priceChangePercentage1Y,priceChangePercentage30D,0.6686381516513066,2.0180619e-316
juno,priceChangePercentage24H,capChange24h,0.9662277936012297,0.0
juno,priceChangePercentage24H,capChangeRatio24H,0.9877983408581302,0.0
juno,priceChangePercentage24H,change24h,0.973164971834443,0.0
juno,priceChangePercentage24H,changeRatio24H,0.9999999999996574,0.0
juno,priceChangePercentage30D,cap,0.8308146257009567,0.0
juno,priceChangePercentage30D,high24h,0.8127651780477512,0.0
juno,priceChangePercentage30D,low24h,0.8101549436201961,0.0
juno,priceChangePercentage30D,price,0.8204320040104264,0.0
juno,priceChangePercentage30D,priceChangePercentage14d,0.7587300522355174,0.0
juno,priceChangePercentage30D,priceChangePercentage1Y,0.6686381516513066,2.0180619e-316
juno,priceChangePercentage30D,priceChangePercentage7d,0.5291845944088405,2.1459048289375787e-176
juno,priceChangePercentage30D,supplyCirculating,-0.5938925345468378,7.614475448906638e-233
juno,priceChangePercentage30D,totalVolume,0.6340403578974724,7.297356950053042e-275
juno,priceChangePercentage30D,apr,0.5458436953642065,9.254252594933469e-190
juno,priceChangePercentage30D,bondedTokens,-0.5376975170187541,3.940450834073551e-183
juno,priceChangePercentage30D,inflation,0.6710155442995055,1.74346e-319
juno,priceChangePercentage30D,capBTC,0.7261147793725424,0.0
juno,priceChangePercentage30D,priceBTC,0.7265179032826554,0.0
juno,priceChangePercentage30D,totalVolumeBTC,0.6254055194820285,2.643152852907634e-265
juno,priceChangePercentage7d,cap,0.5005458234435416,4.308263296957428e-155
juno,priceChangePercentage7d,priceChangePercentage14d,0.6808289424942323,0.0
juno,priceChangePercentage7d,priceChangePercentage30D,0.5291845944088405,2.1459048289375787e-176
juno,supplyCirculating,cap,-0.9085004653937174,0.0
juno,supplyCirculating,high24h,-0.9279281659909708,0.0
juno,supplyCirculating,low24h,-0.9183213371923868,0.0
juno,supplyCirculating,price,-0.9231625066756344,0.0
juno,supplyCirculating,priceChangePercentage30D,-0.5938925345468378,7.614475448906638e-233
juno,supplyCirculating,totalVolume,-0.6595788838787179,5.274476348662108e-305
juno,supplyCirculating,apr,-0.9807983350452592,0.0
juno,supplyCirculating,bondedTokens,0.9789640935451633,0.0
juno,supplyCirculating,communityTokens,-0.8772168017517619,0.0
juno,supplyCirculating,inflation,-0.988627319650193,0.0
juno,supplyCirculating,capBTC,-0.951042030552423,0.0
juno,supplyCirculating,priceBTC,-0.9544238476212981,0.0
juno,supplyCirculating,totalVolumeBTC,-0.7225426766618331,0.0
juno,totalVolume,cap,0.6990757374557901,0.0
juno,totalVolume,high24h,0.7109432488570191,0.0
juno,totalVolume,low24h,0.672365558423512,3.083e-321
juno,totalVolume,price,0.7054246271960148,0.0
juno,totalVolume,priceChangePercentage14d,0.503125756137041,6.273806028624088e-157
juno,totalVolume,priceChangePercentage30D,0.6340403578974724,7.297356950053042e-275
juno,totalVolume,supplyCirculating,-0.6595788838787179,5.274476348662108e-305
juno,totalVolume,apr,0.6305104664087815,6.419570428548446e-271
juno,totalVolume,bondedTokens,-0.6257780829890466,1.0372919269045935e-265
juno,totalVolume,inflation,0.6784839987081017,0.0
juno,totalVolume,capBTC,0.7008070445259046,0.0
juno,totalVolume,priceBTC,0.7034000569029698,0.0
juno,totalVolume,totalVolumeBTC,0.9786795490184464,0.0
juno,apr,cap,0.8846907869435139,0.0
juno,apr,high24h,0.903352977387044,0.0
juno,apr,low24h,0.8949520616618877,0.0
juno,apr,price,0.8983122951679491,0.0
juno,apr,priceChangePercentage30D,0.5458436953642065,9.254252594933469e-190
juno,apr,supplyCirculating,-0.9807983350452592,0.0
juno,apr,totalVolume,0.6305104664087815,6.419570428548446e-271
juno,apr,bondedTokens,-0.9998002434861911,0.0
juno,apr,communityTokens,0.8671592832597148,0.0
juno,apr,inflation,0.9669782669662095,0.0
juno,apr,capBTC,0.9191597728046035,0.0
juno,apr,priceBTC,0.9222339769467098,0.0
juno,apr,totalVolumeBTC,0.6896744001055194,0.0
juno,bondedTokens,cap,-0.8806552412930027,0.0
juno,bondedTokens,high24h,-0.8990796857176413,0.0
juno,bondedTokens,low24h,-0.8907694648014547,0.0
juno,bondedTokens,price,-0.8940461265658688,0.0
juno,bondedTokens,priceChangePercentage30D,-0.5376975170187541,3.940450834073551e-183
juno,bondedTokens,supplyCirculating,0.9789640935451633,0.0
juno,bondedTokens,totalVolume,-0.6257780829890466,1.0372919269045935e-265
juno,bondedTokens,apr,-0.9998002434861911,0.0
juno,bondedTokens,communityTokens,-0.8699862123821541,0.0
juno,bondedTokens,inflation,-0.9634635077258044,0.0
juno,bondedTokens,capBTC,-0.914572523490781,0.0
juno,bondedTokens,priceBTC,-0.9174779828847167,0.0
juno,bondedTokens,totalVolumeBTC,-0.6845714374162086,0.0
juno,communityTokens,cap,0.651145199503779,9.976329736511357e-295
juno,communityTokens,high24h,0.6795004293872974,0.0
juno,communityTokens,low24h,0.6659050526911928,6.1918912513e-313
juno,communityTokens,price,0.672915589890956,5.93e-322
juno,communityTokens,supplyCirculating,-0.8772168017517619,0.0
juno,communityTokens,apr,0.8671592832597148,0.0
juno,communityTokens,bondedTokens,-0.8699862123821541,0.0
juno,communityTokens,inflation,0.8008314294102487,0.0
juno,communityTokens,capBTC,0.7170756510312964,0.0
juno,communityTokens,priceBTC,0.7228961097076287,0.0
juno,communityTokens,totalVolumeBTC,0.5334027877419828,1.0421813617355792e-179
juno,inflation,cap,0.9441609412691915,0.0
juno,inflation,high24h,0.9606249042964191,0.0
juno,inflation,low24h,0.9537602298828316,0.0
juno,inflation,price,0.9561922363316593,0.0
juno,inflation,priceChangePercentage14d,0.5044394563112163,7.180763506974592e-158
juno,inflation,priceChangePercentage30D,0.6710155442995055,1.74346e-319
juno,inflation,supplyCirculating,-0.988627319650193,0.0
juno,inflation,totalVolume,0.6784839987081017,0.0
juno,inflation,apr,0.9669782669662095,0.0
juno,inflation,bondedTokens,-0.9634635077258044,0.0
juno,inflation,communityTokens,0.8008314294102487,0.0
juno,inflation,capBTC,0.9793806804244939,0.0
juno,inflation,priceBTC,0.9819217145018424,0.0
juno,inflation,totalVolumeBTC,0.7422332071895018,0.0
juno,capBTC,cap,0.9588294011978545,0.0
juno,capBTC,high24h,0.9687359791107145,0.0
juno,capBTC,low24h,0.9655979270819044,0.0
juno,capBTC,price,0.9669456652049775,0.0
juno,capBTC,priceChangePercentage14d,0.5078758649906154,2.36687160226123e-160
juno,capBTC,priceChangePercentage30D,0.7261147793725424,0.0
juno,capBTC,supplyCirculating,-0.951042030552423,0.0
juno,capBTC,totalVolume,0.7008070445259046,0.0
juno,capBTC,apr,0.9191597728046035,0.0
juno,capBTC,bondedTokens,-0.914572523490781,0.0
juno,capBTC,communityTokens,0.7170756510312964,0.0
juno,capBTC,inflation,0.9793806804244939,0.0
juno,capBTC,priceBTC,0.9996944213282408,0.0
juno,capBTC,totalVolumeBTC,0.7673379552447898,0.0
juno,priceBTC,cap,0.9584576290528802,0.0
juno,priceBTC,high24h,0.9693233379957951,0.0
juno,priceBTC,low24h,0.9656354341989651,0.0
juno,priceBTC,price,0.9673593354521972,0.0
juno,priceBTC,priceChangePercentage14d,0.5103864920798717,3.489719130842375e-162
juno,priceBTC,priceChangePercentage30D,0.7265179032826554,0.0
juno,priceBTC,supplyCirculating,-0.9544238476212981,0.0
juno,priceBTC,totalVolume,0.7034000569029698,0.0
juno,priceBTC,apr,0.9222339769467098,0.0
juno,priceBTC,bondedTokens,-0.9174779828847167,0.0
juno,priceBTC,communityTokens,0.7228961097076287,0.0
juno,priceBTC,inflation,0.9819217145018424,0.0
juno,priceBTC,capBTC,0.9996944213282408,0.0
juno,priceBTC,totalVolumeBTC,0.7695147523905006,0.0
juno,priceChangePercentage1HBTC,priceChangePercentage1H,0.7187161311017015,0.0
juno,totalVolumeBTC,cap,0.730198240376548,0.0
juno,totalVolumeBTC,high24h,0.7488050203868006,0.0
juno,totalVolumeBTC,low24h,0.713002972499968,0.0
juno,totalVolumeBTC,price,0.7400283293090105,0.0
juno,totalVolumeBTC,priceChangePercentage30D,0.6254055194820285,2.643152852907634e-265
juno,totalVolumeBTC,supplyCirculating,-0.7225426766618331,0.0
juno,totalVolumeBTC,totalVolume,0.9786795490184464,0.0
juno,totalVolumeBTC,apr,0.6896744001055194,0.0
juno,totalVolumeBTC,bondedTokens,-0.6845714374162086,0.0
juno,totalVolumeBTC,communityTokens,0.5334027877419828,1.0421813617355792e-179
juno,totalVolumeBTC,inflation,0.7422332071895018,0.0
juno,totalVolumeBTC,capBTC,0.7673379552447898,0.0
juno,totalVolumeBTC,priceBTC,0.7695147523905006,0.0
kava,cap,high24h,0.5909320599747236,4.2464001900982515e-231
kava,cap,low24h,0.5985759309659218,1.3429126524886933e-238
kava,cap,price,0.638534301793299,2.5154147175135056e-281
kava,cap,priceChangePercentage14d,0.6222640172306673,3.534892217187562e-263
kava,cap,priceChangePercentage7d,0.7301671410754271,0.0
kava,capChange24h,capChangeRatio24H,0.9964479904341181,0.0
kava,capChange24h,change24h,0.989820127439312,0.0
kava,capChange24h,changeRatio24H,0.9891849769840428,0.0
kava,capChange24h,priceChangePercentage24H,0.9891849789926401,0.0
kava,capChangeRatio24H,capChange24h,0.9964479904341181,0.0
kava,capChangeRatio24H,change24h,0.9879588736917224,0.0
kava,capChangeRatio24H,changeRatio24H,0.99268896640498,0.0
kava,capChangeRatio24H,priceChangePercentage24H,0.9926889655421881,0.0
kava,change24h,capChange24h,0.989820127439312,0.0
kava,change24h,capChangeRatio24H,0.9879588736917224,0.0
kava,change24h,changeRatio24H,0.995600459852198,0.0
kava,change24h,priceChangePercentage24H,0.9956004630403211,0.0
kava,changeRatio24H,capChange24h,0.9891849769840428,0.0
kava,changeRatio24H,capChangeRatio24H,0.99268896640498,0.0
kava,changeRatio24H,change24h,0.995600459852198,0.0
kava,changeRatio24H,priceChangePercentage24H,0.9999999999997867,0.0
kava,high24h,cap,0.5909320599747236,4.2464001900982515e-231
kava,high24h,low24h,0.948869713193198,0.0
kava,high24h,price,0.9515333030515482,0.0
kava,high24h,priceChangePercentage14d,0.7566874707884899,0.0
kava,high24h,priceChangePercentage1Y,0.7838265316327018,0.0
kava,high24h,priceChangePercentage30D,0.6593169812013311,3.622033116657027e-306
kava,high24h,priceChangePercentage7d,0.606935713298511,4.901778874808703e-247
kava,high24h,supplyCirculating,-0.5763997228508637,2.215998437433984e-217
kava,high24h,totalVolume,0.6201449786989023,6.814336541529851e-261
kava,high24h,bondedTokens,-0.5499497612749297,4.1256452605481446e-194
kava,high24h,communityTokens,-0.5880816152981176,2.3642529304927697e-228
kava,high24h,capBTC,0.747973462514768,0.0
kava,high24h,priceBTC,0.7333266638506647,0.0
kava,high24h,totalVolumeBTC,0.5785464181554654,2.30448439383961e-219
kava,low24h,cap,0.5985759309659218,1.3429126524886933e-238
kava,low24h,high24h,0.948869713193198,0.0
kava,low24h,price,0.9566342643131897,0.0
kava,low24h,priceChangePercentage14d,0.7434952364578711,0.0
kava,low24h,priceChangePercentage1Y,0.7511600775937873,0.0
kava,low24h,priceChangePercentage30D,0.6700894464634529,7.655e-320
kava,low24h,priceChangePercentage7d,0.5934486539780787,1.5171501496910896e-233
kava,low24h,supplyCirculating,-0.5748466110918609,5.903333866309203e-216
kava,low24h,bondedTokens,-0.6088248811301945,5.604948138599537e-249
kava,low24h,communityTokens,-0.601257894892855,2.8073501730646517e-241
kava,low24h,capBTC,0.6827359267170012,0.0
kava,low24h,priceBTC,0.6922333889728757,0.0
kava,price,cap,0.638534301793299,2.5154147175135056e-281
kava,price,high24h,0.9515333030515482,0.0
kava,price,low24h,0.9566342643131897,0.0
kava,price,priceChangePercentage14d,0.7651416644204758,0.0
kava,price,priceChangePercentage1Y,0.7988820959443795,0.0
kava,price,priceChangePercentage30D,0.688186705727583,0.0
kava,price,priceChangePercentage7d,0.6618101427623208,2.78374818402986e-309
kava,price,supplyCirculating,-0.5843709728556148,8.076591142525802e-225
kava,price,totalVolume,0.5650904684236877,3.576568463932297e-207
kava,price,bondedTokens,-0.5740269174228335,3.3142006885337665e-215
kava,price,communityTokens,-0.6054952789838324,1.4525767994928565e-245
kava,price,capBTC,0.76910821173202,0.0
kava,price,priceBTC,0.7512700432547326,0.0
kava,price,totalVolumeBTC,0.5252067315146552,3.7303944487472236e-174
kava,priceChangePercentage14d,cap,0.6222640172306673,3.534892217187562e-263
kava,priceChangePercentage14d,high24h,0.7566874707884899,0.0
kava,priceChangePercentage14d,low24h,0.7434952364578711,0.0
kava,priceChangePercentage14d,price,0.7651416644204758,0.0
kava,priceChangePercentage14d,priceChangePercentage1Y,0.6465225970145787,1.2079981498023967e-290
kava,priceChangePercentage14d,priceChangePercentage7d,0.5356857946981144,2.101036908561366e-182
kava,priceChangePercentage14d,totalVolume,0.5378744592010609,3.651763430846148e-184
kava,priceChangePercentage14d,capBTC,0.5562905357089154,1.6869886737958822e-199
kava,priceChangePercentage1H,priceChangePercentage1HBTC,0.8304745806181096,0.0
kava,priceChangePercentage1Y,high24h,0.7838265316327018,0.0
kava,priceChangePercentage1Y,low24h,0.7511600775937873,0.0
kava,priceChangePercentage1Y,price,0.7988820959443795,0.0
kava,priceChangePercentage1Y,priceChangePercentage14d,0.6465225970145787,1.2079981498023967e-290
kava,priceChangePercentage1Y,priceChangePercentage30D,0.5064966944015198,3.98292153225196e-160
kava,priceChangePercentage1Y,supplyCirculating,-0.7698449518171051,0.0
kava,priceChangePercentage1Y,totalVolume,0.5985023197463728,1.589426850093022e-238
kava,priceChangePercentage1Y,bondedTokens,-0.5094412683006745,2.8188178566485347e-162
kava,priceChangePercentage1Y,communityTokens,-0.7074011986603387,0.0
kava,priceChangePercentage1Y,capBTC,0.8638815036815382,0.0
kava,priceChangePercentage1Y,priceBTC,0.888658506521319,0.0
kava,priceChangePercentage1Y,totalVolumeBTC,0.6105438531016774,9.338960575877166e-251
kava,priceChangePercentage24H,capChange24h,0.9891849789926401,0.0
kava,priceChangePercentage24H,capChangeRatio24H,0.9926889655421881,0.0
kava,priceChangePercentage24H,change24h,0.9956004630403211,0.0
kava,priceChangePercentage24H,changeRatio24H,0.9999999999997867,0.0
kava,priceChangePercentage30D,high24h,0.6593169812013311,3.622033116657027e-306
kava,priceChangePercentage30D,low24h,0.6700894464634529,7.655e-320
kava,priceChangePercentage30D,price,0.688186705727583,0.0
kava,priceChangePercentage30D,priceChangePercentage1Y,0.5064966944015198,3.98292153225196e-160
kava,priceChangePercentage30D,supplyCirculating,-0.6027277797401438,9.30661615513097e-243
kava,priceChangePercentage30D,bondedTokens,-0.5461228318291841,6.48588534772995e-191
kava,priceChangePercentage30D,communityTokens,-0.6418832108960361,3.3720627329327124e-285
kava,priceChangePercentage30D,capBTC,0.5317042543761185,3.097471486597795e-179
kava,priceChangePercentage30D,priceBTC,0.6393443485214898,2.9396126704501646e-282
kava,priceChangePercentage7d,cap,0.7301671410754271,0.0
kava,priceChangePercentage7d,high24h,0.606935713298511,4.901778874808703e-247
kava,priceChangePercentage7d,low24h,0.5934486539780787,1.5171501496910896e-233
kava,priceChangePercentage7d,price,0.6618101427623208,2.78374818402986e-309
kava,priceChangePercentage7d,priceChangePercentage14d,0.5356857946981144,2.101036908561366e-182
kava,priceChangePercentage7d,totalVolume,0.5453610200185224,2.7755757117882545e-190
kava,priceChangePercentage7d,capBTC,0.5943481977449852,2.0003422544445308e-234
kava,priceChangePercentage7d,totalVolumeBTC,0.501242511827609,2.425665578637243e-156
kava,supplyCirculating,high24h,-0.5763997228508637,2.215998437433984e-217
kava,supplyCirculating,low24h,-0.5748466110918609,5.903333866309203e-216
kava,supplyCirculating,price,-0.5843709728556148,8.076591142525802e-225
kava,supplyCirculating,priceChangePercentage1Y,-0.7698449518171051,0.0
kava,supplyCirculating,priceChangePercentage30D,-0.6027277797401438,9.30661615513097e-243
kava,supplyCirculating,apr,-0.6994115999156256,0.0
kava,supplyCirculating,bondedTokens,0.7547961800042577,0.0
kava,supplyCirculating,communityTokens,0.9621250120493864,0.0
kava,supplyCirculating,tps,0.5353012465307038,4.2689089029723356e-182
kava,supplyCirculating,capBTC,-0.6856436577018235,0.0
kava,supplyCirculating,priceBTC,-0.8884946401955458,0.0
kava,totalVolume,high24h,0.6201449786989023,6.814336541529851e-261
kava,totalVolume,price,0.5650904684236877,3.576568463932297e-207
kava,totalVolume,priceChangePercentage14d,0.5378744592010609,3.651763430846148e-184
kava,totalVolume,priceChangePercentage1Y,0.5985023197463728,1.589426850093022e-238
kava,totalVolume,priceChangePercentage7d,0.5453610200185224,2.7755757117882545e-190
kava,totalVolume,capBTC,0.7376388300901857,0.0
kava,totalVolume,priceBTC,0.609308358112022,1.7763162124861406e-249
kava,totalVolume,totalVolumeBTC,0.9856652578116918,0.0
kava,apr,supplyCirculating,-0.6994115999156256,0.0
kava,apr,bondedTokens,-0.707008956006414,0.0
kava,apr,communityTokens,-0.625918335578095,3.6826648230713004e-267
kava,apr,tps,-0.5437214231117704,6.2623199443932695e-189
kava,apr,priceBTC,0.5202251629283021,2.4711147853061847e-170
kava,bondedTokens,high24h,-0.5499497612749297,4.1256452605481446e-194
kava,bondedTokens,low24h,-0.6088248811301945,5.604948138599537e-249
kava,bondedTokens,price,-0.5740269174228335,3.3142006885337665e-215
kava,bondedTokens,priceChangePercentage1Y,-0.5094412683006745,2.8188178566485347e-162
kava,bondedTokens,priceChangePercentage30D,-0.5461228318291841,6.48588534772995e-191
kava,bondedTokens,supplyCirculating,0.7547961800042577,0.0
kava,bondedTokens,apr,-0.707008956006414,0.0
kava,bondedTokens,communityTokens,0.8045814363130686,0.0
kava,bondedTokens,priceBTC,-0.6247656293044287,6.73022849650541e-266
kava,communityTokens,high24h,-0.5880816152981176,2.3642529304927697e-228
kava,communityTokens,low24h,-0.601257894892855,2.8073501730646517e-241
kava,communityTokens,price,-0.6054952789838324,1.4525767994928565e-245
kava,communityTokens,priceChangePercentage1Y,-0.7074011986603387,0.0
kava,communityTokens,priceChangePercentage30D,-0.6418832108960361,3.3720627329327124e-285
kava,communityTokens,supplyCirculating,0.9621250120493864,0.0
kava,communityTokens,apr,-0.625918335578095,3.6826648230713004e-267
kava,communityTokens,bondedTokens,0.8045814363130686,0.0
kava,communityTokens,capBTC,-0.6749036806291995,0.0
kava,communityTokens,priceBTC,-0.8632578870720541,0.0
kava,tps,supplyCirculating,0.5353012465307038,4.2689089029723356e-182
kava,tps,apr,-0.5437214231117704,6.2623199443932695e-189
kava,capBTC,high24h,0.747973462514768,0.0
kava,capBTC,low24h,0.6827359267170012,0.0
kava,capBTC,price,0.76910821173202,0.0
kava,capBTC,priceChangePercentage14d,0.5562905357089154,1.6869886737958822e-199
kava,capBTC,priceChangePercentage1Y,0.8638815036815382,0.0
kava,capBTC,priceChangePercentage30D,0.5317042543761185,3.097471486597795e-179
kava,capBTC,priceChangePercentage7d,0.5943481977449852,2.0003422544445308e-234
kava,capBTC,supplyCirculating,-0.6856436577018235,0.0
kava,capBTC,totalVolume,0.7376388300901857,0.0
kava,capBTC,communityTokens,-0.6749036806291995,0.0
kava,capBTC,priceBTC,0.9397398630643512,0.0
kava,capBTC,totalVolumeBTC,0.7788008626364458,0.0
kava,priceBTC,high24h,0.7333266638506647,0.0
kava,priceBTC,low24h,0.6922333889728757,0.0
kava,priceBTC,price,0.7512700432547326,0.0
kava,priceBTC,priceChangePercentage1Y,0.888658506521319,0.0
kava,priceBTC,priceChangePercentage30D,0.6393443485214898,2.9396126704501646e-282
kava,priceBTC,supplyCirculating,-0.8884946401955458,0.0
kava,priceBTC,totalVolume,0.609308358112022,1.7763162124861406e-249
kava,priceBTC,apr,0.5202251629283021,2.4711147853061847e-170
kava,priceBTC,bondedTokens,-0.6247656293044287,6.73022849650541e-266
kava,priceBTC,communityTokens,-0.8632578870720541,0.0
kava,priceBTC,capBTC,0.9397398630643512,0.0
kava,priceBTC,totalVolumeBTC,0.6659597822421355,1.5634330736e-314
kava,priceChangePercentage1HBTC,priceChangePercentage1H,0.8304745806181096,0.0
kava,totalVolumeBTC,high24h,0.5785464181554654,2.30448439383961e-219
kava,totalVolumeBTC,price,0.5252067315146552,3.7303944487472236e-174
kava,totalVolumeBTC,priceChangePercentage1Y,0.6105438531016774,9.338960575877166e-251
kava,totalVolumeBTC,priceChangePercentage7d,0.501242511827609,2.425665578637243e-156
kava,totalVolumeBTC,totalVolume,0.9856652578116918,0.0
kava,totalVolumeBTC,capBTC,0.7788008626364458,0.0
kava,totalVolumeBTC,priceBTC,0.6659597822421355,1.5634330736e-314
osmosis,cap,high24h,0.9693661293110828,0.0
osmosis,cap,low24h,0.973444844728253,0.0
osmosis,cap,price,0.9889379336617402,0.0
osmosis,cap,priceChangePercentage14d,0.564274496512817,1.8825671348644085e-206
osmosis,cap,priceChangePercentage30D,0.7948795184237216,0.0
osmosis,cap,supplyCirculating,-0.7868636288829443,0.0
osmosis,cap,totalVolume,0.5345968891646636,1.5603403295510538e-181
osmosis,cap,apr,0.791151532900828,0.0
osmosis,cap,blockTime,-0.6089676078724812,3.9933454972295935e-249
osmosis,cap,bondedTokens,-0.7753773860486601,0.0
osmosis,cap,communityTokens,-0.7878272682388117,0.0
osmosis,cap,inflation,0.7889797323678935,0.0
osmosis,cap,capBTC,0.8550029938415921,0.0
osmosis,cap,priceBTC,0.8564010723187778,0.0
osmosis,cap,totalVolumeBTC,0.5363730253863459,5.904986871020091e-183
osmosis,capChange24h,capChangeRatio24H,0.9954940460247054,0.0
osmosis,capChange24h,change24h,0.992380261969203,0.0
osmosis,capChange24h,changeRatio24H,0.9882837926898572,0.0
osmosis,capChange24h,priceChangePercentage24H,0.9882837910466122,0.0
osmosis,capChangeRatio24H,capChange24h,0.9954940460247054,0.0
osmosis,capChangeRatio24H,change24h,0.9858073057125218,0.0
osmosis,capChangeRatio24H,changeRatio24H,0.9927047888167859,0.0
osmosis,capChangeRatio24H,priceChangePercentage24H,0.9927047876703382,0.0
osmosis,change24h,capChange24h,0.992380261969203,0.0
osmosis,change24h,capChangeRatio24H,0.9858073057125218,0.0
osmosis,change24h,changeRatio24H,0.9929826074067634,0.0
osmosis,change24h,priceChangePercentage24H,0.9929826062985498,0.0
osmosis,changeRatio24H,capChange24h,0.9882837926898572,0.0
osmosis,changeRatio24H,capChangeRatio24H,0.9927047888167859,0.0
osmosis,changeRatio24H,change24h,0.9929826074067634,0.0
osmosis,changeRatio24H,priceChangePercentage24H,0.9999999999995918,0.0
osmosis,high24h,cap,0.9693661293110828,0.0
osmosis,high24h,low24h,0.9839718660827103,0.0
osmosis,high24h,price,0.9862817536009296,0.0
osmosis,high24h,priceChangePercentage14d,0.5562253321220973,1.9191776121481401e-199
osmosis,high24h,priceChangePercentage30D,0.7959118220837822,0.0
osmosis,high24h,supplyCirculating,-0.8768735451205016,0.0
osmosis,high24h,totalVolume,0.6010393362006431,4.6518761316809205e-241
osmosis,high24h,apr,0.8213221871326188,0.0
osmosis,high24h,blockTime,-0.644428476487815,3.564012548843831e-288
osmosis,high24h,bondedTokens,-0.8056558794535277,0.0
osmosis,high24h,communityTokens,-0.8770559863823179,0.0
osmosis,high24h,inflation,0.8793526862674276,0.0
osmosis,high24h,capBTC,0.9074465980875718,0.0
osmosis,high24h,priceBTC,0.914170753473108,0.0
osmosis,high24h,totalVolumeBTC,0.6185486303560173,3.4936252281210904e-259
osmosis,low24h,cap,0.973444844728253,0.0
osmosis,low24h,high24h,0.9839718660827103,0.0
osmosis,low24h,price,0.9856844800126033,0.0
osmosis,low24h,priceChangePercentage14d,0.5392361004984058,2.8908669797973792e-185
osmosis,low24h,priceChangePercentage30D,0.7884411117126475,0.0
osmosis,low24h,supplyCirculating,-0.8608322700202982,0.0
osmosis,low24h,totalVolume,0.5003289933324416,1.086721245971263e-155
osmosis,low24h,apr,0.8331514713995691,0.0
osmosis,low24h,blockTime,-0.6497634677507201,1.663622375048553e-294
osmosis,low24h,bondedTokens,-0.8177652857158476,0.0
osmosis,low24h,communityTokens,-0.8620520484506597,0.0
osmosis,low24h,inflation,0.8628775692294414,0.0
osmosis,low24h,capBTC,0.8984056323539897,0.0
osmosis,low24h,priceBTC,0.9041710828069344,0.0
osmosis,low24h,totalVolumeBTC,0.5249807045662163,5.578444304524055e-174
osmosis,price,cap,0.9889379336617402,0.0
osmosis,price,high24h,0.9862817536009296,0.0
osmosis,price,low24h,0.9856844800126033,0.0
osmosis,price,priceChangePercentage14d,0.5654811373773573,1.612195803901761e-207
osmosis,price,priceChangePercentage30D,0.8037285375980053,0.0
osmosis,price,supplyCirculating,-0.8677698117154097,0.0
osmosis,price,totalVolume,0.5616034149864426,4.1863337487799e-204
osmosis,price,apr,0.8281035681953564,0.0
osmosis,price,blockTime,-0.6373776129653405,5.333797145681918e-280
osmosis,price,bondedTokens,-0.8128124938804397,0.0
osmosis,price,communityTokens,-0.8684187795015723,0.0
osmosis,price,inflation,0.869859894890299,0.0
osmosis,price,capBTC,0.9038437632257731,0.0
osmosis,price,priceBTC,0.9098772608663149,0.0
osmosis,price,totalVolumeBTC,0.5780245525623526,7.01455204571392e-219
osmosis,priceChangePercentage14d,cap,0.564274496512817,1.8825671348644085e-206
osmosis,priceChangePercentage14d,high24h,0.5562253321220973,1.9191776121481401e-199
osmosis,priceChangePercentage14d,low24h,0.5392361004984058,2.8908669797973792e-185
osmosis,priceChangePercentage14d,price,0.5654811373773573,1.612195803901761e-207
osmosis,priceChangePercentage14d,priceChangePercentage30D,0.7715894901104257,0.0
osmosis,priceChangePercentage14d,priceChangePercentage7d,0.6932870323926774,0.0
osmosis,priceChangePercentage14d,apr,0.5691205743130806,9.147094353767385e-211
osmosis,priceChangePercentage14d,bondedTokens,-0.5587077290134957,1.3873854359892859e-201
osmosis,priceChangePercentage1H,priceChangePercentage1HBTC,0.5705241558371149,4.994607333441284e-212
osmosis,priceChangePercentage24H,capChange24h,0.9882837910466122,0.0
osmosis,priceChangePercentage24H,capChangeRatio24H,0.9927047876703382,0.0
osmosis,priceChangePercentage24H,change24h,0.9929826062985498,0.0
osmosis,priceChangePercentage24H,changeRatio24H,0.9999999999995918,0.0
osmosis,priceChangePercentage30D,cap,0.7948795184237216,0.0
osmosis,priceChangePercentage30D,high24h,0.7959118220837822,0.0
osmosis,priceChangePercentage30D,low24h,0.7884411117126475,0.0
osmosis,priceChangePercentage30D,price,0.8037285375980053,0.0
osmosis,priceChangePercentage30D,priceChangePercentage14d,0.7715894901104257,0.0
osmosis,priceChangePercentage30D,priceChangePercentage7d,0.5483837617100731,8.482361241082113e-193
osmosis,priceChangePercentage30D,supplyCirculating,-0.6537967284779121,2.2355026618048014e-299
osmosis,priceChangePercentage30D,totalVolume,0.5606495926844605,2.849575121830825e-203
osmosis,priceChangePercentage30D,apr,0.6261714137968392,1.9427001016421462e-267
osmosis,priceChangePercentage30D,blockTime,-0.5595372842985671,2.6467195988532886e-202
osmosis,priceChangePercentage30D,bondedTokens,-0.6014025954190967,2.0090507507650813e-241
osmosis,priceChangePercentage30D,communityTokens,-0.6544019170495374,4.0917882909801206e-300
osmosis,priceChangePercentage30D,inflation,0.6691124478540572,1.405923e-318
osmosis,priceChangePercentage30D,capBTC,0.6645703644611926,9.15238209027e-313
osmosis,priceChangePercentage30D,priceBTC,0.6813162253769602,0.0
osmosis,priceChangePercentage30D,totalVolumeBTC,0.5486559183367357,5.02139933201354e-193
osmosis,priceChangePercentage7d,priceChangePercentage14d,0.6932870323926774,0.0
osmosis,priceChangePercentage7d,priceChangePercentage30D,0.5483837617100731,8.482361241082113e-193
osmosis,supplyCirculating,cap,-0.7868636288829443,0.0
osmosis,supplyCirculating,high24h,-0.8768735451205016,0.0
osmosis,supplyCirculating,low24h,-0.8608322700202982,0.0
osmosis,supplyCirculating,price,-0.8677698117154097,0.0
osmosis,supplyCirculating,priceChangePercentage30D,-0.6537967284779121,2.2355026618048014e-299
osmosis,supplyCirculating,totalVolume,-0.5433049865990041,1.3781122969609425e-188
osmosis,supplyCirculating,apr,-0.8262359273906931,0.0
osmosis,supplyCirculating,blockTime,0.6178379593942642,2.0012734331254144e-258
osmosis,supplyCirculating,bondedTokens,0.8182339811658574,0.0
osmosis,supplyCirculating,communityTokens,0.9996648795040209,0.0
osmosis,supplyCirculating,inflation,-0.9996318790729529,0.0
osmosis,supplyCirculating,capBTC,-0.9180710509155914,0.0
osmosis,supplyCirculating,priceBTC,-0.9370032175254738,0.0
osmosis,supplyCirculating,totalVolumeBTC,-0.6074451329922501,1.4724312093193615e-247
osmosis,totalVolume,cap,0.5345968891646636,1.5603403295510538e-181
osmosis,totalVolume,high24h,0.6010393362006431,4.6518761316809205e-241
osmosis,totalVolume,low24h,0.5003289933324416,1.086721245971263e-155
osmosis,totalVolume,price,0.5616034149864426,4.1863337487799e-204
osmosis,totalVolume,priceChangePercentage30D,0.5606495926844605,2.849575121830825e-203
osmosis,totalVolume,supplyCirculating,-0.5433049865990041,1.3781122969609425e-188
osmosis,totalVolume,communityTokens,-0.5385179521567494,1.1030382083755779e-184
osmosis,totalVolume,inflation,0.5489415911283271,2.89466905628497e-193
osmosis,totalVolume,capBTC,0.5678637516158571,1.2214369651266108e-209
osmosis,totalVolume,priceBTC,0.5730910482443003,2.3619439820854534e-214
osmosis,totalVolume,totalVolumeBTC,0.9864867426967514,0.0
osmosis,apr,cap,0.791151532900828,0.0
osmosis,apr,high24h,0.8213221871326188,0.0
osmosis,apr,low24h,0.8331514713995691,0.0
osmosis,apr,price,0.8281035681953564,0.0
osmosis,apr,priceChangePercentage14d,0.5691205743130806,9.147094353767385e-211
osmosis,apr,priceChangePercentage30D,0.6261714137968392,1.9427001016421462e-267
osmosis,apr,supplyCirculating,-0.8262359273906931,0.0
osmosis,apr,blockTime,-0.5423045236011063,9.125825733508753e-188
osmosis,apr,bondedTokens,-0.9987305701899079,0.0
osmosis,apr,communityTokens,-0.8345697534165211,0.0
osmosis,apr,inflation,0.8233237844787601,0.0
osmosis,apr,capBTC,0.7017621228646809,0.0
osmosis,apr,priceBTC,0.7244964949139184,0.0
osmosis,blockTime,cap,-0.6089676078724812,3.9933454972295935e-249
osmosis,blockTime,high24h,-0.644428476487815,3.564012548843831e-288
osmosis,blockTime,low24h,-0.6497634677507201,1.663622375048553e-294
osmosis,blockTime,price,-0.6373776129653405,5.333797145681918e-280
osmosis,blockTime,priceChangePercentage30D,-0.5595372842985671,2.6467195988532886e-202
osmosis,blockTime,supplyCirculating,0.6178379593942642,2.0012734331254144e-258
osmosis,blockTime,apr,-0.5423045236011063,9.125825733508753e-188
osmosis,blockTime,bondedTokens,0.5264541635658752,4.0261331590617937e-175
osmosis,blockTime,communityTokens,0.6178302308359348,2.0395733143461775e-258
osmosis,blockTime,inflation,-0.621938486430128,7.953412380219125e-263
osmosis,blockTime,capBTC,-0.6251759017937124,2.3961434040154563e-266
osmosis,blockTime,priceBTC,-0.6332597084533165,2.5311517428946354e-275
osmosis,bondedTokens,cap,-0.7753773860486601,0.0
osmosis,bondedTokens,high24h,-0.8056558794535277,0.0
osmosis,bondedTokens,low24h,-0.8177652857158476,0.0
osmosis,bondedTokens,price,-0.8128124938804397,0.0
osmosis,bondedTokens,priceChangePercentage14d,-0.5587077290134957,1.3873854359892859e-201
osmosis,bondedTokens,priceChangePercentage30D,-0.6014025954190967,2.0090507507650813e-241
osmosis,bondedTokens,supplyCirculating,0.8182339811658574,0.0
osmosis,bondedTokens,apr,-0.9987305701899079,0.0
osmosis,bondedTokens,blockTime,0.5264541635658752,4.0261331590617937e-175
osmosis,bondedTokens,communityTokens,0.8269852360626171,0.0
osmosis,bondedTokens,inflation,-0.8143521955877129,0.0
osmosis,bondedTokens,capBTC,-0.6870357100319116,0.0
osmosis,bondedTokens,priceBTC,-0.7098849704008755,0.0
osmosis,communityTokens,cap,-0.7878272682388117,0.0
osmosis,communityTokens,high24h,-0.8770559863823179,0.0
osmosis,communityTokens,low24h,-0.8620520484506597,0.0
osmosis,communityTokens,price,-0.8684187795015723,0.0
osmosis,communityTokens,priceChangePercentage30D,-0.6544019170495374,4.0917882909801206e-300
osmosis,communityTokens,supplyCirculating,0.9996648795040209,0.0
osmosis,communityTokens,totalVolume,-0.5385179521567494,1.1030382083755779e-184
osmosis,communityTokens,apr,-0.8345697534165211,0.0
osmosis,communityTokens,blockTime,0.6178302308359348,2.0395733143461775e-258
osmosis,communityTokens,bondedTokens,0.8269852360626171,0.0
osmosis,communityTokens,inflation,-0.9991355041829395,0.0
osmosis,communityTokens,capBTC,-0.9144680862106855,0.0
osmosis,communityTokens,priceBTC,-0.9338093612153019,0.0
osmosis,communityTokens,totalVolumeBTC,-0.6021082866917016,3.919940592610823e-242
osmosis,inflation,cap,0.7889797323678935,0.0
osmosis,inflation,high24h,0.8793526862674276,0.0
osmosis,inflation,low24h,0.8628775692294414,0.0
osmosis,inflation,price,0.869859894890299,0.0
osmosis,inflation,priceChangePercentage30D,0.6691124478540572,1.405923e-318
osmosis,inflation,supplyCirculating,-0.9996318790729529,0.0
osmosis,inflation,totalVolume,0.5489415911283271,2.89466905628497e-193
osmosis,inflation,apr,0.8233237844787601,0.0
osmosis,inflation,blockTime,-0.621938486430128,7.953412380219125e-263
osmosis,inflation,bondedTokens,-0.8143521955877129,0.0
osmosis,inflation,communityTokens,-0.9991355041829395,0.0
osmosis,inflation,capBTC,0.9184642007731003,0.0
osmosis,inflation,priceBTC,0.9377753082813989,0.0
osmosis,inflation,totalVolumeBTC,0.6122146161283727,1.7036307469942968e-252
osmosis,capBTC,cap,0.8550029938415921,0.0
osmosis,capBTC,high24h,0.9074465980875718,0.0
osmosis,capBTC,low24h,0.8984056323539897,0.0
osmosis,capBTC,price,0.9038437632257731,0.0
osmosis,capBTC,priceChangePercentage30D,0.6645703644611926,9.15238209027e-313
osmosis,capBTC,supplyCirculating,-0.9180710509155914,0.0
osmosis,capBTC,totalVolume,0.5678637516158571,1.2214369651266108e-209
osmosis,capBTC,apr,0.7017621228646809,0.0
osmosis,capBTC,blockTime,-0.6251759017937124,2.3961434040154563e-266
osmosis,capBTC,bondedTokens,-0.6870357100319116,0.0
osmosis,capBTC,communityTokens,-0.9144680862106855,0.0
osmosis,capBTC,inflation,0.9184642007731003,0.0
osmosis,capBTC,priceBTC,0.998439356627712,0.0
osmosis,capBTC,totalVolumeBTC,0.6406524775571826,9.052182945900743e-284
osmosis,priceBTC,cap,0.8564010723187778,0.0
osmosis,priceBTC,high24h,0.914170753473108,0.0
osmosis,priceBTC,low24h,0.9041710828069344,0.0
osmosis,priceBTC,price,0.9098772608663149,0.0
osmosis,priceBTC,priceChangePercentage30D,0.6813162253769602,0.0
osmosis,priceBTC,supplyCirculating,-0.9370032175254738,0.0
osmosis,priceBTC,totalVolume,0.5730910482443003,2.3619439820854534e-214
osmosis,priceBTC,apr,0.7244964949139184,0.0
osmosis,priceBTC,blockTime,-0.6332597084533165,2.5311517428946354e-275
osmosis,priceBTC,bondedTokens,-0.7098849704008755,0.0
osmosis,priceBTC,communityTokens,-0.9338093612153019,0.0
osmosis,priceBTC,inflation,0.9377753082813989,0.0
osmosis,priceBTC,capBTC,0.998439356627712,0.0
osmosis,priceBTC,totalVolumeBTC,0.6446828921621669,1.7902321302730708e-288
osmosis,priceChangePercentage1HBTC,priceChangePercentage1H,0.5705241558371149,4.994607333441284e-212
osmosis,totalVolumeBTC,cap,0.5363730253863459,5.904986871020091e-183
osmosis,totalVolumeBTC,high24h,0.6185486303560173,3.4936252281210904e-259
osmosis,totalVolumeBTC,low24h,0.5249807045662163,5.578444304524055e-174
osmosis,totalVolumeBTC,price,0.5780245525623526,7.01455204571392e-219
osmosis,totalVolumeBTC,priceChangePercentage30D,0.5486559183367357,5.02139933201354e-193
osmosis,totalVolumeBTC,supplyCirculating,-0.6074451329922501,1.4724312093193615e-247
osmosis,totalVolumeBTC,totalVolume,0.9864867426967514,0.0
osmosis,totalVolumeBTC,communityTokens,-0.6021082866917016,3.919940592610823e-242
osmosis,totalVolumeBTC,inflation,0.6122146161283727,1.7036307469942968e-252
osmosis,totalVolumeBTC,capBTC,0.6406524775571826,9.052182945900743e-284
osmosis,totalVolumeBTC,priceBTC,0.6446828921621669,1.7902321302730708e-288
